timestamp,event_type,description
2025-04-11 14:54:16,active_app,Code.exe | clickstream_beta.py - pythonProject - Visual Studio Code
2025-04-11 14:54:26,active_app,Code.exe | logs.csv - pythonProject - Visual Studio Code
2025-04-11 14:54:41,active_app,Code.exe | clickstream_beta.py - pythonProject - Visual Studio Code
2025-04-11 14:54:56,active_app,Code.exe | predictions.csv - pythonProject - Visual Studio Code
2025-04-11 16:21:28,active_app,Code.exe | clickstream_beta.py - pythonProject - Visual Studio Code
2025-04-11 16:30:23,active_app,Code.exe | clickstream_beta.py - pythonProject - Visual Studio Code
2025-04-15 09:39:11,active_app,Code.exe | clickstream_beta.py - pythonProject - Visual Studio Code
2025-04-15 09:39:16,active_app,Code.exe | logs.csv - pythonProject - Visual Studio Code
2025-04-15 09:39:21,active_app,Code.exe | predictions.csv - pythonProject - Visual Studio Code
2025-04-15 09:41:56,active_app,Code.exe | clickstream_beta.py - pythonProject - Visual Studio Code
2025-04-15 09:42:01,active_app,Code.exe | predictions.csv - pythonProject - Visual Studio Code
2025-04-15 09:42:06,active_app,Code.exe | logs.csv - pythonProject - Visual Studio Code
2025-04-15 09:42:11,active_app,Code.exe | predictions.csv - pythonProject - Visual Studio Code
2025-04-15 09:42:51,active_app,Code.exe | logs.csv - pythonProject - Visual Studio Code
2025-04-15 09:42:56,active_app,Code.exe | test.ipynb - pythonProject - Visual Studio Code
2025-04-15 09:43:21,active_app,Discord.exe | #üíÄÔ∏±backyard-of-fpt | LaggHomies - Discord
2025-04-15 09:43:24,keypress,type | Discord.exe | #üíÄÔ∏±backyard-of-fpt | LaggHomies - Discord
2025-04-15 09:43:31,keypress,type | Discord.exe | #üíÄÔ∏±backyard-of-fpt | LaggHomies - Discord
2025-04-15 09:45:01,active_app,Discord.exe | #üí¨Ô∏±general-chat | LaggHomies - Discord
2025-04-15 09:45:08,keypress,type | Discord.exe | #üí¨Ô∏±general-chat | LaggHomies - Discord
2025-04-15 09:45:09,keypress,type | Discord.exe | #üí¨Ô∏±general-chat | LaggHomies - Discord
2025-04-15 09:45:11,keypress,type | Discord.exe | #üí¨Ô∏±general-chat | LaggHomies - Discord
2025-04-15 09:45:11,keypress,type | Discord.exe | #üí¨Ô∏±general-chat | LaggHomies - Discord
2025-04-15 09:45:11,keypress,type | Discord.exe | #üí¨Ô∏±general-chat | LaggHomies - Discord
2025-04-15 09:45:13,keypress,type | Discord.exe | #üí¨Ô∏±general-chat | LaggHomies - Discord
2025-04-15 09:45:13,keypress,type | Discord.exe | #üí¨Ô∏±general-chat | LaggHomies - Discord
2025-04-15 09:45:13,keypress,type | Discord.exe | #üí¨Ô∏±general-chat | LaggHomies - Discord
2025-04-15 09:45:13,keypress,type | Discord.exe | #üí¨Ô∏±general-chat | LaggHomies - Discord
2025-04-15 09:45:13,keypress,type | Discord.exe | #üí¨Ô∏±general-chat | LaggHomies - Discord
2025-04-15 09:45:14,keypress,type | Discord.exe | #üí¨Ô∏±general-chat | LaggHomies - Discord
2025-04-15 09:45:14,keypress,type | Discord.exe | #üí¨Ô∏±general-chat | LaggHomies - Discord
2025-04-15 09:45:14,keypress,type | Discord.exe | #üí¨Ô∏±general-chat | LaggHomies - Discord
2025-04-15 09:45:14,keypress,type | Discord.exe | #üí¨Ô∏±general-chat | LaggHomies - Discord
2025-04-15 09:45:15,keypress,type | Discord.exe | #üí¨Ô∏±general-chat | LaggHomies - Discord
2025-04-15 09:45:15,keypress,type | Discord.exe | #üí¨Ô∏±general-chat | LaggHomies - Discord
2025-04-15 09:45:15,keypress,type | Discord.exe | #üí¨Ô∏±general-chat | LaggHomies - Discord
2025-04-15 09:45:15,keypress,type | Discord.exe | #üí¨Ô∏±general-chat | LaggHomies - Discord
2025-04-15 09:45:16,keypress,type | Discord.exe | #üí¨Ô∏±general-chat | LaggHomies - Discord
2025-04-15 09:45:16,keypress,type | Discord.exe | #üí¨Ô∏±general-chat | LaggHomies - Discord
2025-04-15 09:45:16,keypress,type | Discord.exe | #üí¨Ô∏±general-chat | LaggHomies - Discord
2025-04-15 09:45:16,keypress,type | Discord.exe | #üí¨Ô∏±general-chat | LaggHomies - Discord
2025-04-15 09:45:16,keypress,type | Discord.exe | #üí¨Ô∏±general-chat | LaggHomies - Discord
2025-04-15 09:45:20,keypress,type | SearchApp.exe | Search
2025-04-15 09:45:20,keypress,type | SearchApp.exe | Search
2025-04-15 09:45:21,active_app,SearchApp.exe | Search
2025-04-15 09:45:26,active_app,UniKeyNT.exe | UniKey 4.3 RC5
2025-04-15 09:45:35,keypress,type | Discord.exe | #üí¨Ô∏±general-chat | LaggHomies - Discord
2025-04-15 09:45:36,keypress,type | Discord.exe | #üí¨Ô∏±general-chat | LaggHomies - Discord
2025-04-15 09:45:36,keypress,type | Discord.exe | #üí¨Ô∏±general-chat | LaggHomies - Discord
2025-04-15 09:45:36,keypress,type | Discord.exe | #üí¨Ô∏±general-chat | LaggHomies - Discord
2025-04-15 09:45:36,active_app,Discord.exe | #üí¨Ô∏±general-chat | LaggHomies - Discord
2025-04-15 09:45:36,keypress,type | Discord.exe | #üí¨Ô∏±general-chat | LaggHomies - Discord
2025-04-15 09:45:37,keypress,type | Discord.exe | #üí¨Ô∏±general-chat | LaggHomies - Discord
2025-04-15 09:45:37,keypress,type | Discord.exe | #üí¨Ô∏±general-chat | LaggHomies - Discord
2025-04-15 09:45:37,keypress,type | Discord.exe | #üí¨Ô∏±general-chat | LaggHomies - Discord
2025-04-15 09:45:37,keypress,type | Discord.exe | #üí¨Ô∏±general-chat | LaggHomies - Discord
2025-04-15 09:45:38,keypress,type | Discord.exe | #üí¨Ô∏±general-chat | LaggHomies - Discord
2025-04-15 09:45:39,keypress,type | Discord.exe | #üí¨Ô∏±general-chat | LaggHomies - Discord
2025-04-15 09:45:39,keypress,type | Discord.exe | #üí¨Ô∏±general-chat | LaggHomies - Discord
2025-04-15 09:45:39,keypress,type | Discord.exe | #üí¨Ô∏±general-chat | LaggHomies - Discord
2025-04-15 09:45:39,keypress,type | Discord.exe | #üí¨Ô∏±general-chat | LaggHomies - Discord
2025-04-15 09:45:39,keypress,type | Discord.exe | #üí¨Ô∏±general-chat | LaggHomies - Discord
2025-04-15 09:45:40,keypress,type | Discord.exe | #üí¨Ô∏±general-chat | LaggHomies - Discord
2025-04-15 09:45:40,keypress,type | Discord.exe | #üí¨Ô∏±general-chat | LaggHomies - Discord
2025-04-15 09:45:40,keypress,type | Discord.exe | #üí¨Ô∏±general-chat | LaggHomies - Discord
2025-04-15 09:45:40,keypress,type | Discord.exe | #üí¨Ô∏±general-chat | LaggHomies - Discord
2025-04-15 09:45:40,keypress,type | Discord.exe | #üí¨Ô∏±general-chat | LaggHomies - Discord
2025-04-15 09:45:41,keypress,type | Discord.exe | #üí¨Ô∏±general-chat | LaggHomies - Discord
2025-04-15 09:45:41,keypress,type | Discord.exe | #üí¨Ô∏±general-chat | LaggHomies - Discord
2025-04-15 09:45:41,keypress,type | Discord.exe | #üí¨Ô∏±general-chat | LaggHomies - Discord
2025-04-15 09:45:41,keypress,type | Discord.exe | #üí¨Ô∏±general-chat | LaggHomies - Discord
2025-04-15 09:45:42,keypress,type | Discord.exe | #üí¨Ô∏±general-chat | LaggHomies - Discord
2025-04-15 09:45:42,keypress,type | Discord.exe | #üí¨Ô∏±general-chat | LaggHomies - Discord
2025-04-15 09:45:42,keypress,type | Discord.exe | #üí¨Ô∏±general-chat | LaggHomies - Discord
2025-04-15 09:45:42,keypress,type | Discord.exe | #üí¨Ô∏±general-chat | LaggHomies - Discord
2025-04-15 09:45:42,keypress,type | Discord.exe | #üí¨Ô∏±general-chat | LaggHomies - Discord
2025-04-15 09:45:42,keypress,type | Discord.exe | #üí¨Ô∏±general-chat | LaggHomies - Discord
2025-04-15 09:45:43,keypress,type | Discord.exe | #üí¨Ô∏±general-chat | LaggHomies - Discord
2025-04-15 09:45:43,keypress,type | Discord.exe | #üí¨Ô∏±general-chat | LaggHomies - Discord
2025-04-15 09:45:43,keypress,type | Discord.exe | #üí¨Ô∏±general-chat | LaggHomies - Discord
2025-04-15 09:45:44,keypress,type | Discord.exe | #üí¨Ô∏±general-chat | LaggHomies - Discord
2025-04-15 09:45:44,keypress,type | Discord.exe | #üí¨Ô∏±general-chat | LaggHomies - Discord
2025-04-15 09:45:44,keypress,type | Discord.exe | #üí¨Ô∏±general-chat | LaggHomies - Discord
2025-04-15 09:45:45,keypress,type | Discord.exe | #üí¨Ô∏±general-chat | LaggHomies - Discord
2025-04-15 09:45:45,keypress,type | Discord.exe | #üí¨Ô∏±general-chat | LaggHomies - Discord
2025-04-15 09:45:45,keypress,type | Discord.exe | #üí¨Ô∏±general-chat | LaggHomies - Discord
2025-04-15 09:45:45,keypress,type | Discord.exe | #üí¨Ô∏±general-chat | LaggHomies - Discord
2025-04-15 09:45:46,keypress,type | Discord.exe | #üí¨Ô∏±general-chat | LaggHomies - Discord
2025-04-15 09:45:46,keypress,type | Discord.exe | #üí¨Ô∏±general-chat | LaggHomies - Discord
2025-04-15 09:45:46,keypress,type | Discord.exe | #üí¨Ô∏±general-chat | LaggHomies - Discord
2025-04-15 09:45:46,keypress,type | Discord.exe | #üí¨Ô∏±general-chat | LaggHomies - Discord
2025-04-15 09:45:47,keypress,type | Discord.exe | #üí¨Ô∏±general-chat | LaggHomies - Discord
2025-04-15 09:45:47,keypress,type | Discord.exe | #üí¨Ô∏±general-chat | LaggHomies - Discord
2025-04-15 09:45:47,keypress,type | Discord.exe | #üí¨Ô∏±general-chat | LaggHomies - Discord
2025-04-15 09:45:47,keypress,type | Discord.exe | #üí¨Ô∏±general-chat | LaggHomies - Discord
2025-04-15 09:45:47,keypress,type | Discord.exe | #üí¨Ô∏±general-chat | LaggHomies - Discord
2025-04-15 09:45:47,keypress,type | Discord.exe | #üí¨Ô∏±general-chat | LaggHomies - Discord
2025-04-15 09:45:47,keypress,type | Discord.exe | #üí¨Ô∏±general-chat | LaggHomies - Discord
2025-04-15 09:45:47,keypress,type | Discord.exe | #üí¨Ô∏±general-chat | LaggHomies - Discord
2025-04-15 09:45:53,keypress,type | Discord.exe | #üí¨Ô∏±general-chat | LaggHomies - Discord
2025-04-15 09:46:46,active_app,Code.exe | test.ipynb - pythonProject - Visual Studio Code
2025-04-15 15:02:04,active_app,Code.exe | clickstream_beta.py - pythonProject - Visual Studio Code
2025-04-15 15:02:09,active_app,Code.exe | logs.csv - pythonProject - Visual Studio Code
2025-04-15 15:02:14,active_app,Code.exe | predictions.csv - pythonProject - Visual Studio Code
2025-04-15 15:02:59,active_app,Code.exe | test.ipynb - pythonProject - Visual Studio Code
2025-04-15 15:03:04,keypress,type | Code.exe | test.ipynb - pythonProject - Visual Studio Code
2025-04-15 15:03:04,keypress,type | Code.exe | test.ipynb - pythonProject - Visual Studio Code
2025-04-15 15:03:04,keypress,type | Code.exe | test.ipynb - pythonProject - Visual Studio Code
2025-04-15 15:03:09,active_app,opera.exe | Facebook - Opera
2025-04-15 15:03:11,keypress,type | opera.exe | Facebook - Opera
2025-04-15 15:03:11,keypress,type | opera.exe | Facebook - Opera
2025-04-15 15:03:13,keypress,type | opera.exe | Facebook - Opera
2025-04-15 15:03:13,keypress,type | opera.exe | Facebook - Opera
2025-04-15 15:03:13,keypress,type | opera.exe | Facebook - Opera
2025-04-15 15:03:13,keypress,type | opera.exe | Facebook - Opera
2025-04-15 15:03:13,keypress,type | opera.exe | Facebook - Opera
2025-04-15 15:03:13,keypress,type | opera.exe | Facebook - Opera
2025-04-15 15:03:14,keypress,type | opera.exe | Facebook - Opera
2025-04-15 15:03:14,keypress,type | opera.exe | Facebook - Opera
2025-04-15 15:03:14,keypress,type | opera.exe | Facebook - Opera
2025-04-15 15:03:14,keypress,type | opera.exe | Facebook - Opera
2025-04-15 15:03:15,keypress,type | opera.exe | Facebook - Opera
2025-04-15 15:03:15,keypress,type | opera.exe | Facebook - Opera
2025-04-15 15:03:15,keypress,type | opera.exe | Facebook - Opera
2025-04-15 15:03:15,keypress,type | opera.exe | Facebook - Opera
2025-04-15 15:03:15,keypress,type | opera.exe | Facebook - Opera
2025-04-15 15:03:15,keypress,type | opera.exe | Facebook - Opera
2025-04-15 15:03:15,keypress,type | opera.exe | Facebook - Opera
2025-04-15 15:03:16,keypress,type | opera.exe | Facebook - Opera
2025-04-15 15:03:17,keypress,type | opera.exe | Facebook - Opera
2025-04-15 15:03:17,keypress,type | opera.exe | Facebook - Opera
2025-04-15 15:03:17,keypress,type | opera.exe | Facebook - Opera
2025-04-15 15:03:18,keypress,type | opera.exe | Facebook - Opera
2025-04-15 15:03:18,keypress,type | opera.exe | Facebook - Opera
2025-04-15 15:03:19,keypress,type | opera.exe | Facebook - Opera
2025-04-15 15:03:20,keypress,type | opera.exe | Facebook - Opera
2025-04-15 15:03:20,keypress,type | opera.exe | Facebook - Opera
2025-04-15 15:03:20,keypress,type | opera.exe | Facebook - Opera
2025-04-15 15:03:20,keypress,type | opera.exe | Facebook - Opera
2025-04-15 15:03:20,keypress,type | opera.exe | Facebook - Opera
2025-04-15 15:03:21,keypress,type | opera.exe | Facebook - Opera
2025-04-15 15:03:21,keypress,type | opera.exe | Facebook - Opera
2025-04-15 15:03:21,keypress,type | opera.exe | Facebook - Opera
2025-04-15 15:03:21,keypress,type | opera.exe | Facebook - Opera
2025-04-15 15:03:21,keypress,type | opera.exe | Facebook - Opera
2025-04-15 15:03:21,keypress,type | opera.exe | Facebook - Opera
2025-04-15 15:03:22,keypress,type | opera.exe | Facebook - Opera
2025-04-15 15:03:22,keypress,type | opera.exe | Facebook - Opera
2025-04-15 15:03:22,keypress,type | opera.exe | Facebook - Opera
2025-04-15 15:03:22,keypress,type | opera.exe | Facebook - Opera
2025-04-15 15:03:23,keypress,type | opera.exe | Facebook - Opera
2025-04-15 15:03:23,keypress,type | opera.exe | Facebook - Opera
2025-04-15 15:03:23,keypress,type | opera.exe | Facebook - Opera
2025-04-15 15:03:23,keypress,type | opera.exe | Facebook - Opera
2025-04-15 15:03:23,keypress,type | opera.exe | Facebook - Opera
2025-04-15 15:03:25,keypress,type | opera.exe | Facebook - Opera
2025-04-15 15:03:25,keypress,type | opera.exe | Facebook - Opera
2025-04-15 15:03:25,keypress,type | opera.exe | Facebook - Opera
2025-04-15 15:03:25,keypress,type | opera.exe | Facebook - Opera
2025-04-15 15:03:25,keypress,type | opera.exe | Facebook - Opera
2025-04-15 15:03:25,keypress,type | opera.exe | Facebook - Opera
2025-04-15 15:03:26,keypress,type | opera.exe | Facebook - Opera
2025-04-15 15:03:26,keypress,type | opera.exe | Facebook - Opera
2025-04-15 15:03:26,keypress,type | opera.exe | Facebook - Opera
2025-04-15 15:03:26,keypress,type | opera.exe | Facebook - Opera
2025-04-15 15:03:26,keypress,type | opera.exe | Facebook - Opera
2025-04-15 15:03:26,keypress,type | opera.exe | Facebook - Opera
2025-04-15 15:03:27,keypress,type | opera.exe | Facebook - Opera
2025-04-15 15:03:27,keypress,type | opera.exe | Facebook - Opera
2025-04-15 15:03:28,keypress,type | opera.exe | Facebook - Opera
2025-04-15 15:03:28,keypress,type | opera.exe | Facebook - Opera
2025-04-15 15:03:30,keypress,type | opera.exe | Facebook - Opera
2025-04-15 15:03:39,active_app,Code.exe | logs.csv - pythonProject - Visual Studio Code
2025-04-15 15:03:44,active_app,Code.exe | predictions.csv - pythonProject - Visual Studio Code
2025-04-15 15:03:44,keypress,type | Code.exe | predictions.csv - pythonProject - Visual Studio Code
2025-04-15 15:03:44,keypress,type | Code.exe | predictions.csv - pythonProject - Visual Studio Code
2025-04-15 15:03:45,keypress,type | Code.exe | predictions.csv - pythonProject - Visual Studio Code
2025-04-15 15:03:49,active_app,opera.exe | Facebook - Opera
2025-04-15 15:03:49,keypress,type | opera.exe | Facebook - Opera
2025-04-15 15:03:49,keypress,type | opera.exe | Facebook - Opera
2025-04-15 15:03:50,keypress,type | opera.exe | Facebook - Opera
2025-04-15 15:03:51,keypress,type | opera.exe | Facebook - Opera
2025-04-15 15:03:51,keypress,type | opera.exe | Facebook - Opera
2025-04-15 15:03:51,keypress,type | opera.exe | Facebook - Opera
2025-04-15 15:03:51,keypress,type | opera.exe | Facebook - Opera
2025-04-15 15:03:51,keypress,type | opera.exe | Facebook - Opera
2025-04-15 15:03:51,keypress,type | opera.exe | Facebook - Opera
2025-04-15 15:03:52,keypress,type | opera.exe | Facebook - Opera
2025-04-15 15:03:52,keypress,type | opera.exe | Facebook - Opera
2025-04-15 15:03:52,keypress,type | opera.exe | Facebook - Opera
2025-04-15 15:03:52,keypress,type | opera.exe | Facebook - Opera
2025-04-15 15:03:52,keypress,type | opera.exe | Facebook - Opera
2025-04-15 15:03:52,keypress,type | opera.exe | Facebook - Opera
2025-04-15 15:03:53,keypress,type | opera.exe | Facebook - Opera
2025-04-15 15:03:53,keypress,type | opera.exe | Facebook - Opera
2025-04-15 15:03:54,keypress,type | opera.exe | Facebook - Opera
2025-04-15 15:03:59,active_app,Code.exe | test_1.ipynb - pythonProject - Visual Studio Code
2025-04-15 15:04:04,keypress,type | Code.exe | test.ipynb - pythonProject - Visual Studio Code
2025-04-15 15:04:04,active_app,Code.exe | test.ipynb - pythonProject - Visual Studio Code
2025-04-15 15:04:04,keypress,type | Code.exe | test.ipynb - pythonProject - Visual Studio Code
2025-04-15 15:04:04,keypress,type | Code.exe | test.ipynb - pythonProject - Visual Studio Code
2025-04-15 15:04:09,active_app,Discord.exe | #üí≠‚îÉdestiny2-chat | C·ªông ƒê·ªìng D2VN - Discord
2025-04-15 15:04:14,active_app,Discord.exe | @PRTS - Discord
2025-04-15 15:04:14,keypress,type | Discord.exe | @PRTS - Discord
2025-04-15 15:04:15,keypress,type | Discord.exe | @PRTS - Discord
2025-04-15 15:04:15,keypress,type | Discord.exe | @PRTS - Discord
2025-04-15 15:04:16,keypress,type | Discord.exe | @PRTS - Discord
2025-04-15 15:04:16,keypress,type | Discord.exe | @PRTS - Discord
2025-04-15 15:04:19,active_app,Code.exe | clickstream_beta.py - pythonProject - Visual Studio Code
2025-04-15 15:04:20,keypress,type | Code.exe | clickstream_beta.py - pythonProject - Visual Studio Code
2025-04-15 15:04:20,keypress,type | Code.exe | clickstream_beta.py - pythonProject - Visual Studio Code
2025-04-15 15:04:21,keypress,type | Code.exe | clickstream_beta.py - pythonProject - Visual Studio Code
2025-04-15 15:04:22,keypress,type | Code.exe | clickstream_beta.py - pythonProject - Visual Studio Code
2025-04-15 15:04:22,keypress,type | Code.exe | clickstream_beta.py - pythonProject - Visual Studio Code
2025-04-15 15:04:23,keypress,type | Discord.exe | @PRTS - Discord
2025-04-15 15:04:23,keypress,type | Discord.exe | @PRTS - Discord
2025-04-15 15:04:24,keypress,type | Discord.exe | @PRTS - Discord
2025-04-15 15:04:24,active_app,Discord.exe | @PRTS - Discord
2025-04-15 15:04:24,keypress,type | Discord.exe | @PRTS - Discord
2025-04-15 15:04:24,keypress,type | Discord.exe | @PRTS - Discord
2025-04-15 15:04:29,active_app,Code.exe | clickstream_beta.py - pythonProject - Visual Studio Code
2025-04-15 15:04:34,active_app,opera.exe | Facebook - Opera
2025-04-15 15:04:40,keypress,type | opera.exe | Facebook - Opera
2025-04-15 15:04:40,keypress,type | opera.exe | Facebook - Opera
2025-04-15 15:04:41,keypress,type | opera.exe | Facebook - Opera
2025-04-15 15:04:41,keypress,type | opera.exe | Facebook - Opera
2025-04-15 15:04:41,keypress,type | opera.exe | Facebook - Opera
2025-04-15 15:04:42,keypress,type | opera.exe | Facebook - Opera
2025-04-15 15:04:42,keypress,type | opera.exe | Facebook - Opera
2025-04-15 15:04:42,keypress,type | opera.exe | Facebook - Opera
2025-04-15 15:04:42,keypress,type | opera.exe | Facebook - Opera
2025-04-15 15:04:43,keypress,type | opera.exe | Facebook - Opera
2025-04-15 15:04:43,keypress,type | opera.exe | Facebook - Opera
2025-04-15 15:04:43,keypress,type | opera.exe | Facebook - Opera
2025-04-15 15:04:43,keypress,type | opera.exe | Facebook - Opera
2025-04-15 15:04:43,keypress,type | opera.exe | Facebook - Opera
2025-04-15 15:04:43,keypress,type | opera.exe | Facebook - Opera
2025-04-15 15:04:43,keypress,type | opera.exe | Facebook - Opera
2025-04-15 15:04:43,keypress,type | opera.exe | Facebook - Opera
2025-04-15 15:04:43,keypress,type | opera.exe | Facebook - Opera
2025-04-15 15:04:43,keypress,type | opera.exe | Facebook - Opera
2025-04-15 15:04:43,keypress,type | opera.exe | Facebook - Opera
2025-04-15 15:04:43,keypress,type | opera.exe | Facebook - Opera
2025-04-15 15:04:43,keypress,type | opera.exe | Facebook - Opera
2025-04-15 15:04:43,keypress,type | opera.exe | Facebook - Opera
2025-04-15 15:04:43,keypress,type | opera.exe | Facebook - Opera
2025-04-15 15:04:43,keypress,type | opera.exe | Facebook - Opera
2025-04-15 15:04:44,keypress,type | opera.exe | Facebook - Opera
2025-04-15 15:04:44,keypress,type | opera.exe | Facebook - Opera
2025-04-15 15:04:44,keypress,type | opera.exe | Facebook - Opera
2025-04-15 15:04:44,keypress,type | opera.exe | Facebook - Opera
2025-04-15 15:04:44,keypress,type | opera.exe | Facebook - Opera
2025-04-15 15:04:44,keypress,type | opera.exe | Facebook - Opera
2025-04-15 15:04:44,keypress,type | opera.exe | Facebook - Opera
2025-04-15 15:04:44,keypress,type | opera.exe | Facebook - Opera
2025-04-15 15:04:44,keypress,type | opera.exe | Facebook - Opera
2025-04-15 15:04:44,keypress,type | opera.exe | Facebook - Opera
2025-04-15 15:04:44,keypress,type | opera.exe | Facebook - Opera
2025-04-15 15:04:44,keypress,type | opera.exe | Facebook - Opera
2025-04-15 15:04:45,keypress,type | opera.exe | Facebook - Opera
2025-04-15 15:04:46,keypress,type | opera.exe | Facebook - Opera
2025-04-15 15:04:46,keypress,type | opera.exe | Facebook - Opera
2025-04-15 15:04:46,keypress,type | opera.exe | Facebook - Opera
2025-04-15 15:04:46,keypress,type | opera.exe | Facebook - Opera
2025-04-15 15:04:46,keypress,type | opera.exe | Facebook - Opera
2025-04-15 15:04:46,keypress,type | opera.exe | Facebook - Opera
2025-04-15 15:04:46,keypress,type | opera.exe | Facebook - Opera
2025-04-15 15:04:46,keypress,type | opera.exe | Facebook - Opera
2025-04-15 15:04:46,keypress,type | opera.exe | Facebook - Opera
2025-04-15 15:04:46,keypress,type | opera.exe | Facebook - Opera
2025-04-15 15:04:46,keypress,type | opera.exe | Facebook - Opera
2025-04-15 15:04:46,keypress,type | opera.exe | Facebook - Opera
2025-04-15 15:04:47,keypress,type | opera.exe | Facebook - Opera
2025-04-15 15:04:47,keypress,type | opera.exe | Facebook - Opera
2025-04-15 15:04:47,keypress,type | opera.exe | Facebook - Opera
2025-04-15 15:04:47,keypress,type | opera.exe | Facebook - Opera
2025-04-15 15:04:47,keypress,type | opera.exe | Facebook - Opera
2025-04-15 15:04:47,keypress,type | opera.exe | Facebook - Opera
2025-04-15 15:04:47,keypress,type | opera.exe | Facebook - Opera
2025-04-15 15:04:47,keypress,type | opera.exe | Facebook - Opera
2025-04-15 15:04:48,keypress,type | opera.exe | Facebook - Opera
2025-04-15 15:04:48,keypress,type | opera.exe | Facebook - Opera
2025-04-15 15:04:48,keypress,type | opera.exe | Facebook - Opera
2025-04-15 15:04:48,keypress,type | opera.exe | Facebook - Opera
2025-04-15 15:04:48,keypress,type | opera.exe | Facebook - Opera
2025-04-15 15:04:48,keypress,type | opera.exe | Facebook - Opera
2025-04-15 15:04:48,keypress,type | opera.exe | Facebook - Opera
2025-04-15 15:04:48,keypress,type | opera.exe | Facebook - Opera
2025-04-15 15:04:48,keypress,type | opera.exe | Facebook - Opera
2025-04-15 15:04:48,keypress,type | opera.exe | Facebook - Opera
2025-04-15 15:04:48,keypress,type | opera.exe | Facebook - Opera
2025-04-15 15:04:48,keypress,type | opera.exe | Facebook - Opera
2025-04-15 15:04:48,keypress,type | opera.exe | Facebook - Opera
2025-04-15 15:04:48,keypress,type | opera.exe | Facebook - Opera
2025-04-15 15:04:49,keypress,type | opera.exe | Facebook - Opera
2025-04-15 15:04:49,keypress,type | opera.exe | Facebook - Opera
2025-04-15 15:04:49,keypress,type | opera.exe | Facebook - Opera
2025-04-15 15:04:50,keypress,type | opera.exe | Facebook - Opera
2025-04-15 15:04:55,keypress,type | opera.exe | Facebook - Opera
2025-04-15 15:04:55,keypress,type | opera.exe | Facebook - Opera
2025-04-15 15:04:55,keypress,type | opera.exe | Facebook - Opera
2025-04-15 15:04:55,keypress,type | opera.exe | Facebook - Opera
2025-04-15 15:04:55,keypress,type | opera.exe | Facebook - Opera
2025-04-15 15:04:55,keypress,type | opera.exe | Facebook - Opera
2025-04-15 15:04:55,keypress,type | opera.exe | Facebook - Opera
2025-04-15 15:04:55,keypress,type | opera.exe | Facebook - Opera
2025-04-15 15:04:55,keypress,type | opera.exe | Facebook - Opera
2025-04-15 15:04:55,keypress,type | opera.exe | Facebook - Opera
2025-04-15 15:04:55,keypress,type | opera.exe | Facebook - Opera
2025-04-15 15:04:55,keypress,type | opera.exe | Facebook - Opera
2025-04-15 15:04:56,keypress,type | opera.exe | Facebook - Opera
2025-04-15 15:04:56,keypress,type | opera.exe | Facebook - Opera
2025-04-15 15:04:56,keypress,type | opera.exe | Facebook - Opera
2025-04-15 15:04:57,keypress,type | opera.exe | Facebook - Opera
2025-04-15 15:04:57,keypress,type | opera.exe | Facebook - Opera
2025-04-15 15:04:57,keypress,type | opera.exe | Facebook - Opera
2025-04-15 15:04:57,keypress,type | opera.exe | Facebook - Opera
2025-04-15 15:04:57,keypress,type | opera.exe | Facebook - Opera
2025-04-15 15:04:57,keypress,type | opera.exe | Facebook - Opera
2025-04-15 15:04:57,keypress,type | opera.exe | Facebook - Opera
2025-04-15 15:04:57,keypress,type | opera.exe | Facebook - Opera
2025-04-15 15:04:57,keypress,type | opera.exe | Facebook - Opera
2025-04-15 15:04:58,keypress,type | opera.exe | Facebook - Opera
2025-04-15 15:04:58,keypress,type | opera.exe | Facebook - Opera
2025-04-15 15:04:58,keypress,type | opera.exe | Facebook - Opera
2025-04-15 15:04:58,keypress,type | opera.exe | Facebook - Opera
2025-04-15 15:04:58,keypress,type | opera.exe | Facebook - Opera
2025-04-15 15:04:58,keypress,type | opera.exe | Facebook - Opera
2025-04-15 15:04:58,keypress,type | opera.exe | Facebook - Opera
2025-04-15 15:04:58,keypress,type | opera.exe | Facebook - Opera
2025-04-15 15:04:58,keypress,type | opera.exe | Facebook - Opera
2025-04-15 15:04:58,keypress,type | opera.exe | Facebook - Opera
2025-04-15 15:04:58,keypress,type | opera.exe | Facebook - Opera
2025-04-15 15:04:58,keypress,type | opera.exe | Facebook - Opera
2025-04-15 15:04:58,keypress,type | opera.exe | Facebook - Opera
2025-04-15 15:04:58,keypress,type | opera.exe | Facebook - Opera
2025-04-15 15:04:58,keypress,type | opera.exe | Facebook - Opera
2025-04-15 15:04:58,keypress,type | opera.exe | Facebook - Opera
2025-04-15 15:04:59,keypress,type | opera.exe | Facebook - Opera
2025-04-15 15:04:59,keypress,type | opera.exe | Facebook - Opera
2025-04-15 15:04:59,keypress,type | opera.exe | Facebook - Opera
2025-04-15 15:04:59,keypress,type | opera.exe | Facebook - Opera
2025-04-15 15:05:00,keypress,type | opera.exe | Facebook - Opera
2025-04-15 15:05:00,keypress,type | opera.exe | Facebook - Opera
2025-04-15 15:05:01,keypress,type | opera.exe | Facebook - Opera
2025-04-15 15:05:01,keypress,type | opera.exe | Facebook - Opera
2025-04-15 15:05:01,keypress,type | opera.exe | Facebook - Opera
2025-04-15 15:05:01,keypress,type | opera.exe | Facebook - Opera
2025-04-15 15:05:01,keypress,type | opera.exe | Facebook - Opera
2025-04-15 15:05:01,keypress,type | opera.exe | Facebook - Opera
2025-04-15 15:05:02,keypress,type | opera.exe | Facebook - Opera
2025-04-15 15:05:02,keypress,type | opera.exe | Facebook - Opera
2025-04-15 15:05:02,keypress,type | opera.exe | Facebook - Opera
2025-04-15 15:05:02,keypress,type | opera.exe | Facebook - Opera
2025-04-15 15:05:03,keypress,type | opera.exe | Facebook - Opera
2025-04-15 15:05:03,keypress,type | opera.exe | Facebook - Opera
2025-04-15 15:05:03,keypress,type | opera.exe | Facebook - Opera
2025-04-15 15:05:03,keypress,type | opera.exe | Facebook - Opera
2025-04-15 15:05:03,keypress,type | opera.exe | Facebook - Opera
2025-04-15 15:05:03,keypress,type | opera.exe | Facebook - Opera
2025-04-15 15:05:03,keypress,type | opera.exe | Facebook - Opera
2025-04-15 15:05:03,keypress,type | opera.exe | Facebook - Opera
2025-04-15 15:05:03,keypress,type | opera.exe | Facebook - Opera
2025-04-15 15:05:04,keypress,type | opera.exe | Facebook - Opera
2025-04-15 15:05:04,keypress,type | opera.exe | Facebook - Opera
2025-04-15 15:05:04,keypress,type | opera.exe | Facebook - Opera
2025-04-15 15:05:04,keypress,type | opera.exe | Facebook - Opera
2025-04-15 15:05:04,keypress,type | opera.exe | Facebook - Opera
2025-04-15 15:05:04,keypress,type | opera.exe | Facebook - Opera
2025-04-15 15:05:04,keypress,type | opera.exe | Facebook - Opera
2025-04-15 15:05:04,keypress,type | opera.exe | Facebook - Opera
2025-04-15 15:05:04,keypress,type | opera.exe | Facebook - Opera
2025-04-15 15:05:04,keypress,type | opera.exe | Facebook - Opera
2025-04-15 15:05:04,keypress,type | opera.exe | Facebook - Opera
2025-04-15 15:05:04,keypress,type | opera.exe | Facebook - Opera
2025-04-15 15:05:04,keypress,type | opera.exe | Facebook - Opera
2025-04-15 15:05:05,keypress,type | opera.exe | Facebook - Opera
2025-04-15 15:05:05,keypress,type | opera.exe | Facebook - Opera
2025-04-15 15:05:05,keypress,type | opera.exe | Facebook - Opera
2025-04-15 15:05:05,keypress,type | opera.exe | Facebook - Opera
2025-04-15 15:05:06,keypress,type | opera.exe | Facebook - Opera
2025-04-15 15:05:06,keypress,type | opera.exe | Facebook - Opera
2025-04-15 15:05:10,keypress,type | opera.exe | Facebook - Opera
2025-04-15 15:05:10,keypress,type | opera.exe | Facebook - Opera
2025-04-15 15:05:11,keypress,type | opera.exe | Facebook - Opera
2025-04-15 15:05:11,keypress,type | opera.exe | Facebook - Opera
2025-04-15 15:05:11,keypress,type | opera.exe | Facebook - Opera
2025-04-15 15:05:11,keypress,type | opera.exe | Facebook - Opera
2025-04-15 15:05:11,keypress,type | opera.exe | Facebook - Opera
2025-04-15 15:05:12,keypress,type | opera.exe | Facebook - Opera
2025-04-15 15:05:12,keypress,type | opera.exe | Facebook - Opera
2025-04-15 15:05:13,keypress,type | opera.exe | Facebook - Opera
2025-04-15 15:05:13,keypress,type | opera.exe | Facebook - Opera
2025-04-15 15:05:13,keypress,type | opera.exe | Facebook - Opera
2025-04-15 15:05:13,keypress,type | opera.exe | Facebook - Opera
2025-04-15 15:05:13,keypress,type | opera.exe | Facebook - Opera
2025-04-15 15:05:13,keypress,type | opera.exe | Facebook - Opera
2025-04-15 15:05:13,keypress,type | opera.exe | Facebook - Opera
2025-04-15 15:05:14,keypress,type | opera.exe | Facebook - Opera
2025-04-15 15:05:14,keypress,type | opera.exe | Facebook - Opera
2025-04-15 15:05:14,keypress,type | opera.exe | Facebook - Opera
2025-04-15 15:05:14,keypress,type | opera.exe | Facebook - Opera
2025-04-15 15:05:14,keypress,type | opera.exe | Facebook - Opera
2025-04-15 15:05:14,keypress,type | opera.exe | Facebook - Opera
2025-04-15 15:05:14,keypress,type | opera.exe | Facebook - Opera
2025-04-15 15:05:14,keypress,type | opera.exe | Facebook - Opera
2025-04-15 15:05:14,keypress,type | opera.exe | Facebook - Opera
2025-04-15 15:05:14,keypress,type | opera.exe | Facebook - Opera
2025-04-15 15:05:14,keypress,type | opera.exe | Facebook - Opera
2025-04-15 15:05:15,keypress,type | opera.exe | Facebook - Opera
2025-04-15 15:05:15,keypress,type | opera.exe | Facebook - Opera
2025-04-15 15:05:15,keypress,type | opera.exe | Facebook - Opera
2025-04-15 15:05:15,keypress,type | opera.exe | Facebook - Opera
2025-04-15 15:05:15,keypress,type | opera.exe | Facebook - Opera
2025-04-15 15:05:15,keypress,type | opera.exe | Facebook - Opera
2025-04-15 15:05:15,keypress,type | opera.exe | Facebook - Opera
2025-04-15 15:05:15,keypress,type | opera.exe | Facebook - Opera
2025-04-15 15:05:15,keypress,type | opera.exe | Facebook - Opera
2025-04-15 15:05:16,keypress,type | opera.exe | Facebook - Opera
2025-04-15 15:05:16,keypress,type | opera.exe | Facebook - Opera
2025-04-15 15:05:16,keypress,type | opera.exe | Facebook - Opera
2025-04-15 15:05:16,keypress,type | opera.exe | Facebook - Opera
2025-04-15 15:05:16,keypress,type | opera.exe | Facebook - Opera
2025-04-15 15:05:16,keypress,type | opera.exe | Facebook - Opera
2025-04-15 15:05:16,keypress,type | opera.exe | Facebook - Opera
2025-04-15 15:05:16,keypress,type | opera.exe | Facebook - Opera
2025-04-15 15:05:16,keypress,type | opera.exe | Facebook - Opera
2025-04-15 15:05:16,keypress,type | opera.exe | Facebook - Opera
2025-04-15 15:05:16,keypress,type | opera.exe | Facebook - Opera
2025-04-15 15:05:16,keypress,type | opera.exe | Facebook - Opera
2025-04-15 15:05:16,keypress,type | opera.exe | Facebook - Opera
2025-04-15 15:05:16,keypress,type | opera.exe | Facebook - Opera
2025-04-15 15:05:16,keypress,type | opera.exe | Facebook - Opera
2025-04-15 15:05:17,keypress,type | opera.exe | Facebook - Opera
2025-04-15 15:05:17,keypress,type | opera.exe | Facebook - Opera
2025-04-15 15:05:17,keypress,type | opera.exe | Facebook - Opera
2025-04-15 15:05:17,keypress,type | opera.exe | Facebook - Opera
2025-04-15 15:05:17,keypress,type | opera.exe | Facebook - Opera
2025-04-15 15:05:17,keypress,type | opera.exe | Facebook - Opera
2025-04-15 15:05:17,keypress,type | opera.exe | Facebook - Opera
2025-04-15 15:05:17,keypress,type | opera.exe | Facebook - Opera
2025-04-15 15:05:17,keypress,type | opera.exe | Facebook - Opera
2025-04-15 15:05:17,keypress,type | opera.exe | Facebook - Opera
2025-04-15 15:05:17,keypress,type | opera.exe | Facebook - Opera
2025-04-15 15:05:17,keypress,type | opera.exe | Facebook - Opera
2025-04-15 15:05:17,keypress,type | opera.exe | Facebook - Opera
2025-04-15 15:05:17,keypress,type | opera.exe | Facebook - Opera
2025-04-15 15:05:17,keypress,type | opera.exe | Facebook - Opera
2025-04-15 15:05:17,keypress,type | opera.exe | Facebook - Opera
2025-04-15 15:05:18,keypress,type | opera.exe | Facebook - Opera
2025-04-15 15:05:19,keypress,type | opera.exe | Facebook - Opera
2025-04-15 15:05:19,keypress,type | opera.exe | Facebook - Opera
2025-04-15 15:05:19,keypress,type | opera.exe | Facebook - Opera
2025-04-15 15:05:20,keypress,type | opera.exe | Facebook - Opera
2025-04-15 15:05:20,keypress,type | opera.exe | Facebook - Opera
2025-04-15 15:05:20,keypress,type | opera.exe | Facebook - Opera
2025-04-15 15:05:20,keypress,type | opera.exe | Facebook - Opera
2025-04-15 15:05:20,keypress,type | opera.exe | Facebook - Opera
2025-04-15 15:05:20,keypress,type | opera.exe | Facebook - Opera
2025-04-15 15:05:20,keypress,type | opera.exe | Facebook - Opera
2025-04-15 15:05:20,keypress,type | opera.exe | Facebook - Opera
2025-04-15 15:05:20,keypress,type | opera.exe | Facebook - Opera
2025-04-15 15:05:20,keypress,type | opera.exe | Facebook - Opera
2025-04-15 15:05:20,keypress,type | opera.exe | Facebook - Opera
2025-04-15 15:05:20,keypress,type | opera.exe | Facebook - Opera
2025-04-15 15:05:20,keypress,type | opera.exe | Facebook - Opera
2025-04-15 15:05:20,keypress,type | opera.exe | Facebook - Opera
2025-04-15 15:05:20,keypress,type | opera.exe | Facebook - Opera
2025-04-15 15:05:20,keypress,type | opera.exe | Facebook - Opera
2025-04-15 15:05:20,keypress,type | opera.exe | Facebook - Opera
2025-04-15 15:05:20,keypress,type | opera.exe | Facebook - Opera
2025-04-15 15:05:21,keypress,type | opera.exe | Facebook - Opera
2025-04-15 15:05:21,keypress,type | opera.exe | Facebook - Opera
2025-04-15 15:05:21,keypress,type | opera.exe | Facebook - Opera
2025-04-15 15:05:21,keypress,type | opera.exe | Facebook - Opera
2025-04-15 15:05:21,keypress,type | opera.exe | Facebook - Opera
2025-04-15 15:05:21,keypress,type | opera.exe | Facebook - Opera
2025-04-15 15:05:21,keypress,type | opera.exe | Facebook - Opera
2025-04-15 15:05:22,keypress,type | opera.exe | Facebook - Opera
2025-04-15 15:05:22,keypress,type | opera.exe | Facebook - Opera
2025-04-15 15:05:22,keypress,type | opera.exe | Facebook - Opera
2025-04-15 15:05:22,keypress,type | opera.exe | Facebook - Opera
2025-04-15 15:05:22,keypress,type | opera.exe | Facebook - Opera
2025-04-15 15:05:22,keypress,type | opera.exe | Facebook - Opera
2025-04-15 15:05:22,keypress,type | opera.exe | Facebook - Opera
2025-04-15 15:05:22,keypress,type | opera.exe | Facebook - Opera
2025-04-15 15:05:23,keypress,type | opera.exe | Facebook - Opera
2025-04-15 15:05:23,keypress,type | opera.exe | Facebook - Opera
2025-04-15 15:05:23,keypress,type | opera.exe | Facebook - Opera
2025-04-15 15:05:23,keypress,type | opera.exe | Facebook - Opera
2025-04-15 15:05:23,keypress,type | opera.exe | Facebook - Opera
2025-04-15 15:05:23,keypress,type | opera.exe | Facebook - Opera
2025-04-15 15:05:23,keypress,type | opera.exe | Facebook - Opera
2025-04-15 15:05:23,keypress,type | opera.exe | Facebook - Opera
2025-04-15 15:05:23,keypress,type | opera.exe | Facebook - Opera
2025-04-15 15:05:24,keypress,type | opera.exe | Facebook - Opera
2025-04-15 15:05:25,keypress,type | opera.exe | Facebook - Opera
2025-04-15 15:05:25,keypress,type | opera.exe | Facebook - Opera
2025-04-15 15:05:25,keypress,type | opera.exe | Facebook - Opera
2025-04-15 15:05:26,keypress,type | opera.exe | Facebook - Opera
2025-04-15 15:05:28,keypress,type | opera.exe | Facebook - Opera
2025-04-15 15:05:32,keypress,type | opera.exe | Facebook - Opera
2025-04-15 15:05:32,keypress,type | opera.exe | Facebook - Opera
2025-04-15 15:05:32,keypress,type | opera.exe | Facebook - Opera
2025-04-15 15:05:32,keypress,type | opera.exe | Facebook - Opera
2025-04-15 15:05:32,keypress,type | opera.exe | Facebook - Opera
2025-04-15 15:05:32,keypress,type | opera.exe | Facebook - Opera
2025-04-15 15:05:32,keypress,type | opera.exe | Facebook - Opera
2025-04-15 15:05:33,keypress,type | opera.exe | Facebook - Opera
2025-04-15 15:05:33,keypress,type | opera.exe | Facebook - Opera
2025-04-15 15:05:33,keypress,type | opera.exe | Facebook - Opera
2025-04-15 15:05:33,keypress,type | opera.exe | Facebook - Opera
2025-04-15 15:05:33,keypress,type | opera.exe | Facebook - Opera
2025-04-15 15:05:33,keypress,type | opera.exe | Facebook - Opera
2025-04-15 15:05:34,keypress,type | opera.exe | Facebook - Opera
2025-04-15 15:05:34,keypress,type | opera.exe | Facebook - Opera
2025-04-15 15:05:34,keypress,type | opera.exe | Facebook - Opera
2025-04-15 15:05:34,keypress,type | opera.exe | Facebook - Opera
2025-04-15 15:05:34,keypress,type | opera.exe | Facebook - Opera
2025-04-15 15:05:34,keypress,type | opera.exe | Facebook - Opera
2025-04-15 15:05:34,keypress,type | opera.exe | Facebook - Opera
2025-04-15 15:05:34,keypress,type | opera.exe | Facebook - Opera
2025-04-15 15:05:34,keypress,type | opera.exe | Facebook - Opera
2025-04-15 15:05:34,keypress,type | opera.exe | Facebook - Opera
2025-04-15 15:05:34,keypress,type | opera.exe | Facebook - Opera
2025-04-15 15:05:34,keypress,type | opera.exe | Facebook - Opera
2025-04-15 15:05:35,keypress,type | opera.exe | Facebook - Opera
2025-04-15 15:05:35,keypress,type | opera.exe | Facebook - Opera
2025-04-15 15:05:35,keypress,type | opera.exe | Facebook - Opera
2025-04-15 15:05:35,keypress,type | opera.exe | Facebook - Opera
2025-04-15 15:05:35,keypress,type | opera.exe | Facebook - Opera
2025-04-15 15:05:35,keypress,type | opera.exe | Facebook - Opera
2025-04-15 15:05:35,keypress,type | opera.exe | Facebook - Opera
2025-04-15 15:05:35,keypress,type | opera.exe | Facebook - Opera
2025-04-15 15:05:35,keypress,type | opera.exe | Facebook - Opera
2025-04-15 15:05:35,keypress,type | opera.exe | Facebook - Opera
2025-04-15 15:05:35,keypress,type | opera.exe | Facebook - Opera
2025-04-15 15:05:35,keypress,type | opera.exe | Facebook - Opera
2025-04-15 15:05:35,keypress,type | opera.exe | Facebook - Opera
2025-04-15 15:05:35,keypress,type | opera.exe | Facebook - Opera
2025-04-15 15:05:35,keypress,type | opera.exe | Facebook - Opera
2025-04-15 15:05:35,keypress,type | opera.exe | Facebook - Opera
2025-04-15 15:05:36,keypress,type | opera.exe | Facebook - Opera
2025-04-15 15:05:36,keypress,type | opera.exe | Facebook - Opera
2025-04-15 15:05:36,keypress,type | opera.exe | Facebook - Opera
2025-04-15 15:05:36,keypress,type | opera.exe | Facebook - Opera
2025-04-15 15:05:36,keypress,type | opera.exe | Facebook - Opera
2025-04-15 15:05:36,keypress,type | opera.exe | Facebook - Opera
2025-04-15 15:05:36,keypress,type | opera.exe | Facebook - Opera
2025-04-15 15:05:36,keypress,type | opera.exe | Facebook - Opera
2025-04-15 15:05:36,keypress,type | opera.exe | Facebook - Opera
2025-04-15 15:05:36,keypress,type | opera.exe | Facebook - Opera
2025-04-15 15:05:36,keypress,type | opera.exe | Facebook - Opera
2025-04-15 15:05:36,keypress,type | opera.exe | Facebook - Opera
2025-04-15 15:05:36,keypress,type | opera.exe | Facebook - Opera
2025-04-15 15:05:36,keypress,type | opera.exe | Facebook - Opera
2025-04-15 15:05:36,keypress,type | opera.exe | Facebook - Opera
2025-04-15 15:05:37,keypress,type | opera.exe | Facebook - Opera
2025-04-15 15:05:37,keypress,type | opera.exe | Facebook - Opera
2025-04-15 15:05:37,keypress,type | opera.exe | Facebook - Opera
2025-04-15 15:05:37,keypress,type | opera.exe | Facebook - Opera
2025-04-15 15:05:38,keypress,type | opera.exe | Facebook - Opera
2025-04-15 15:05:39,keypress,type | opera.exe | Facebook - Opera
2025-04-15 15:05:39,keypress,type | opera.exe | Facebook - Opera
2025-04-15 15:05:39,keypress,type | opera.exe | Facebook - Opera
2025-04-15 15:05:39,keypress,type | opera.exe | Facebook - Opera
2025-04-15 15:05:39,keypress,type | opera.exe | Facebook - Opera
2025-04-15 15:05:39,keypress,type | opera.exe | Facebook - Opera
2025-04-15 15:05:39,keypress,type | opera.exe | Facebook - Opera
2025-04-15 15:05:39,keypress,type | opera.exe | Facebook - Opera
2025-04-15 15:05:40,keypress,type | opera.exe | Facebook - Opera
2025-04-15 15:05:40,keypress,type | opera.exe | Facebook - Opera
2025-04-15 15:05:41,keypress,type | opera.exe | Facebook - Opera
2025-04-15 15:05:41,keypress,type | opera.exe | Facebook - Opera
2025-04-15 15:05:42,keypress,type | opera.exe | Facebook - Opera
2025-04-15 15:05:44,keypress,type | opera.exe | Facebook - Opera
2025-04-15 15:05:59,active_app,Code.exe | logs.csv - pythonProject - Visual Studio Code
2025-04-15 15:06:04,active_app,opera.exe | Facebook - Opera
2025-04-15 15:06:05,keypress,type | opera.exe | Facebook - Opera
2025-04-15 15:06:05,keypress,type | opera.exe | Facebook - Opera
2025-04-15 15:06:05,keypress,type | opera.exe | Facebook - Opera
2025-04-15 15:06:06,keypress,type | opera.exe | Facebook - Opera
2025-04-15 15:06:06,keypress,type | opera.exe | Facebook - Opera
2025-04-15 15:06:06,keypress,type | opera.exe | Facebook - Opera
2025-04-15 15:06:06,keypress,type | opera.exe | Facebook - Opera
2025-04-15 15:06:06,keypress,type | opera.exe | Facebook - Opera
2025-04-15 15:06:06,keypress,type | opera.exe | Facebook - Opera
2025-04-15 15:06:06,keypress,type | opera.exe | Facebook - Opera
2025-04-15 15:06:07,keypress,type | opera.exe | Facebook - Opera
2025-04-15 15:06:25,keypress,type | opera.exe | Facebook - Opera
2025-04-15 15:06:25,keypress,type | opera.exe | Facebook - Opera
2025-04-15 15:06:25,keypress,type | opera.exe | Facebook - Opera
2025-04-15 15:06:26,keypress,type | opera.exe | Facebook - Opera
2025-04-15 15:06:26,keypress,type | opera.exe | Facebook - Opera
2025-04-15 15:06:26,keypress,type | opera.exe | Facebook - Opera
2025-04-15 15:06:26,keypress,type | opera.exe | Facebook - Opera
2025-04-15 15:06:26,keypress,type | opera.exe | Facebook - Opera
2025-04-15 15:06:26,keypress,type | opera.exe | Facebook - Opera
2025-04-15 15:06:26,keypress,type | opera.exe | Facebook - Opera
2025-04-15 15:06:26,keypress,type | opera.exe | Facebook - Opera
2025-04-15 15:06:26,keypress,type | opera.exe | Facebook - Opera
2025-04-15 15:06:26,keypress,type | opera.exe | Facebook - Opera
2025-04-15 15:06:27,keypress,type | opera.exe | Facebook - Opera
2025-04-15 15:06:27,keypress,type | opera.exe | Facebook - Opera
2025-04-15 15:06:27,keypress,type | opera.exe | Facebook - Opera
2025-04-15 15:06:27,keypress,type | opera.exe | Facebook - Opera
2025-04-15 15:06:28,keypress,type | opera.exe | Facebook - Opera
2025-04-15 15:06:28,keypress,type | opera.exe | Facebook - Opera
2025-04-15 15:06:28,keypress,type | opera.exe | Facebook - Opera
2025-04-15 15:06:28,keypress,type | opera.exe | Facebook - Opera
2025-04-15 15:06:28,keypress,type | opera.exe | Facebook - Opera
2025-04-15 15:06:28,keypress,type | opera.exe | Facebook - Opera
2025-04-15 15:06:28,keypress,type | opera.exe | Facebook - Opera
2025-04-15 15:06:28,keypress,type | opera.exe | Facebook - Opera
2025-04-15 15:06:28,keypress,type | opera.exe | Facebook - Opera
2025-04-15 15:06:28,keypress,type | opera.exe | Facebook - Opera
2025-04-15 15:06:28,keypress,type | opera.exe | Facebook - Opera
2025-04-15 15:06:29,keypress,type | opera.exe | Facebook - Opera
2025-04-15 15:06:29,keypress,type | opera.exe | Facebook - Opera
2025-04-15 15:06:29,keypress,type | opera.exe | Facebook - Opera
2025-04-15 15:06:29,keypress,type | opera.exe | Facebook - Opera
2025-04-15 15:06:29,keypress,type | opera.exe | Facebook - Opera
2025-04-15 15:06:29,keypress,type | opera.exe | Facebook - Opera
2025-04-15 15:06:29,keypress,type | opera.exe | Facebook - Opera
2025-04-15 15:06:29,keypress,type | opera.exe | Facebook - Opera
2025-04-15 15:06:29,keypress,type | opera.exe | Facebook - Opera
2025-04-15 15:06:29,keypress,type | opera.exe | Facebook - Opera
2025-04-15 15:06:29,keypress,type | opera.exe | Facebook - Opera
2025-04-15 15:06:29,keypress,type | opera.exe | Facebook - Opera
2025-04-15 15:06:30,keypress,type | opera.exe | Facebook - Opera
2025-04-15 15:06:31,keypress,type | opera.exe | Facebook - Opera
2025-04-15 15:06:31,keypress,type | opera.exe | Facebook - Opera
2025-04-15 15:06:31,keypress,type | opera.exe | Facebook - Opera
2025-04-15 15:06:31,keypress,type | opera.exe | Facebook - Opera
2025-04-15 15:06:31,keypress,type | opera.exe | Facebook - Opera
2025-04-15 15:06:31,keypress,type | opera.exe | Facebook - Opera
2025-04-15 15:06:31,keypress,type | opera.exe | Facebook - Opera
2025-04-15 15:06:32,keypress,type | opera.exe | Facebook - Opera
2025-04-15 15:06:32,keypress,type | opera.exe | Facebook - Opera
2025-04-15 15:06:32,keypress,type | opera.exe | Facebook - Opera
2025-04-15 15:06:33,keypress,type | opera.exe | Facebook - Opera
2025-04-15 15:06:33,keypress,type | opera.exe | Facebook - Opera
2025-04-15 15:06:33,keypress,type | opera.exe | Facebook - Opera
2025-04-15 15:06:33,keypress,type | opera.exe | Facebook - Opera
2025-04-15 15:06:34,keypress,type | opera.exe | Facebook - Opera
2025-04-15 15:06:34,keypress,type | opera.exe | Facebook - Opera
2025-04-15 15:06:34,keypress,type | opera.exe | Facebook - Opera
2025-04-15 15:06:34,keypress,type | opera.exe | Facebook - Opera
2025-04-15 15:06:35,keypress,type | opera.exe | Facebook - Opera
2025-04-15 15:06:35,keypress,type | opera.exe | Facebook - Opera
2025-04-15 15:06:35,keypress,type | opera.exe | Facebook - Opera
2025-04-15 15:06:36,keypress,type | opera.exe | Facebook - Opera
2025-04-15 15:06:36,keypress,type | opera.exe | Facebook - Opera
2025-04-15 15:06:36,keypress,type | opera.exe | Facebook - Opera
2025-04-15 15:06:38,keypress,type | opera.exe | Facebook - Opera
2025-04-15 15:06:38,keypress,type | opera.exe | Facebook - Opera
2025-04-15 15:06:38,keypress,type | opera.exe | Facebook - Opera
2025-04-15 15:06:39,keypress,type | opera.exe | Facebook - Opera
2025-04-15 15:06:40,keypress,type | opera.exe | Facebook - Opera
2025-04-15 15:06:40,keypress,type | opera.exe | Facebook - Opera
2025-04-15 15:06:40,keypress,type | opera.exe | Facebook - Opera
2025-04-15 15:06:40,keypress,type | opera.exe | Facebook - Opera
2025-04-15 15:06:40,keypress,type | opera.exe | Facebook - Opera
2025-04-15 15:06:40,keypress,type | opera.exe | Facebook - Opera
2025-04-15 15:06:40,keypress,type | opera.exe | Facebook - Opera
2025-04-15 15:06:40,keypress,type | opera.exe | Facebook - Opera
2025-04-15 15:06:41,keypress,type | opera.exe | Facebook - Opera
2025-04-15 15:06:41,keypress,type | opera.exe | Facebook - Opera
2025-04-15 15:06:41,keypress,type | opera.exe | Facebook - Opera
2025-04-15 15:06:41,keypress,type | opera.exe | Facebook - Opera
2025-04-15 15:06:41,keypress,type | opera.exe | Facebook - Opera
2025-04-15 15:06:42,keypress,type | opera.exe | Facebook - Opera
2025-04-15 15:06:42,keypress,type | opera.exe | Facebook - Opera
2025-04-15 15:06:42,keypress,type | opera.exe | Facebook - Opera
2025-04-15 15:06:42,keypress,type | opera.exe | Facebook - Opera
2025-04-15 15:06:42,keypress,type | opera.exe | Facebook - Opera
2025-04-15 15:06:42,keypress,type | opera.exe | Facebook - Opera
2025-04-15 15:06:42,keypress,type | opera.exe | Facebook - Opera
2025-04-15 15:06:42,keypress,type | opera.exe | Facebook - Opera
2025-04-15 15:06:42,keypress,type | opera.exe | Facebook - Opera
2025-04-15 15:06:42,keypress,type | opera.exe | Facebook - Opera
2025-04-15 15:06:42,keypress,type | opera.exe | Facebook - Opera
2025-04-15 15:06:42,keypress,type | opera.exe | Facebook - Opera
2025-04-15 15:06:42,keypress,type | opera.exe | Facebook - Opera
2025-04-15 15:06:42,keypress,type | opera.exe | Facebook - Opera
2025-04-15 15:06:43,keypress,type | opera.exe | Facebook - Opera
2025-04-15 15:06:43,keypress,type | opera.exe | Facebook - Opera
2025-04-15 15:06:43,keypress,type | opera.exe | Facebook - Opera
2025-04-15 15:06:44,keypress,type | opera.exe | Facebook - Opera
2025-04-15 15:06:44,keypress,type | opera.exe | Facebook - Opera
2025-04-15 15:06:44,keypress,type | opera.exe | Facebook - Opera
2025-04-15 15:06:44,keypress,type | opera.exe | Facebook - Opera
2025-04-15 15:06:44,keypress,type | opera.exe | Facebook - Opera
2025-04-15 15:06:44,keypress,type | opera.exe | Facebook - Opera
2025-04-15 15:06:44,keypress,type | opera.exe | Facebook - Opera
2025-04-15 15:06:44,keypress,type | opera.exe | Facebook - Opera
2025-04-15 15:06:44,keypress,type | opera.exe | Facebook - Opera
2025-04-15 15:06:44,keypress,type | opera.exe | Facebook - Opera
2025-04-15 15:06:44,keypress,type | opera.exe | Facebook - Opera
2025-04-15 15:06:44,keypress,type | opera.exe | Facebook - Opera
2025-04-15 15:06:44,keypress,type | opera.exe | Facebook - Opera
2025-04-15 15:06:44,keypress,type | opera.exe | Facebook - Opera
2025-04-15 15:06:44,keypress,type | opera.exe | Facebook - Opera
2025-04-15 15:06:45,keypress,type | opera.exe | Facebook - Opera
2025-04-15 15:06:45,keypress,type | opera.exe | Facebook - Opera
2025-04-15 15:06:45,keypress,type | opera.exe | Facebook - Opera
2025-04-15 15:06:45,keypress,type | opera.exe | Facebook - Opera
2025-04-15 15:06:45,keypress,type | opera.exe | Facebook - Opera
2025-04-15 15:06:45,keypress,type | opera.exe | Facebook - Opera
2025-04-15 15:06:45,keypress,type | opera.exe | Facebook - Opera
2025-04-15 15:06:45,keypress,type | opera.exe | Facebook - Opera
2025-04-15 15:06:45,keypress,type | opera.exe | Facebook - Opera
2025-04-15 15:06:45,keypress,type | opera.exe | Facebook - Opera
2025-04-15 15:06:45,keypress,type | opera.exe | Facebook - Opera
2025-04-15 15:06:46,keypress,type | opera.exe | Facebook - Opera
2025-04-15 15:06:46,keypress,type | opera.exe | Facebook - Opera
2025-04-15 15:06:46,keypress,type | opera.exe | Facebook - Opera
2025-04-15 15:06:46,keypress,type | opera.exe | Facebook - Opera
2025-04-15 15:06:46,keypress,type | opera.exe | Facebook - Opera
2025-04-15 15:06:46,keypress,type | opera.exe | Facebook - Opera
2025-04-15 15:06:46,keypress,type | opera.exe | Facebook - Opera
2025-04-15 15:06:46,keypress,type | opera.exe | Facebook - Opera
2025-04-15 15:06:46,keypress,type | opera.exe | Facebook - Opera
2025-04-15 15:06:46,keypress,type | opera.exe | Facebook - Opera
2025-04-15 15:06:46,keypress,type | opera.exe | Facebook - Opera
2025-04-15 15:06:46,keypress,type | opera.exe | Facebook - Opera
2025-04-15 15:06:47,keypress,type | opera.exe | Facebook - Opera
2025-04-15 15:06:48,keypress,type | opera.exe | Facebook - Opera
2025-04-15 15:06:49,keypress,type | opera.exe | Facebook - Opera
2025-04-15 15:06:49,keypress,type | opera.exe | Facebook - Opera
2025-04-15 15:06:50,keypress,type | opera.exe | Facebook - Opera
2025-04-15 15:06:50,keypress,type | opera.exe | Facebook - Opera
2025-04-15 15:06:50,keypress,type | opera.exe | Facebook - Opera
2025-04-15 15:06:50,keypress,type | opera.exe | Facebook - Opera
2025-04-15 15:06:50,keypress,type | opera.exe | Facebook - Opera
2025-04-15 15:06:50,keypress,type | opera.exe | Facebook - Opera
2025-04-15 15:06:50,keypress,type | opera.exe | Facebook - Opera
2025-04-15 15:06:50,keypress,type | opera.exe | Facebook - Opera
2025-04-15 15:06:50,keypress,type | opera.exe | Facebook - Opera
2025-04-15 15:06:50,keypress,type | opera.exe | Facebook - Opera
2025-04-15 15:06:50,keypress,type | opera.exe | Facebook - Opera
2025-04-15 15:06:50,keypress,type | opera.exe | Facebook - Opera
2025-04-15 15:06:50,keypress,type | opera.exe | Facebook - Opera
2025-04-15 15:06:50,keypress,type | opera.exe | Facebook - Opera
2025-04-15 15:06:50,keypress,type | opera.exe | Facebook - Opera
2025-04-15 15:06:51,keypress,type | opera.exe | Facebook - Opera
2025-04-15 15:06:51,keypress,type | opera.exe | Facebook - Opera
2025-04-15 15:06:51,keypress,type | opera.exe | Facebook - Opera
2025-04-15 15:06:51,keypress,type | opera.exe | Facebook - Opera
2025-04-15 15:06:51,keypress,type | opera.exe | Facebook - Opera
2025-04-15 15:06:51,keypress,type | opera.exe | Facebook - Opera
2025-04-15 15:06:51,keypress,type | opera.exe | Facebook - Opera
2025-04-15 15:06:51,keypress,type | opera.exe | Facebook - Opera
2025-04-15 15:06:51,keypress,type | opera.exe | Facebook - Opera
2025-04-15 15:06:51,keypress,type | opera.exe | Facebook - Opera
2025-04-15 15:06:51,keypress,type | opera.exe | Facebook - Opera
2025-04-15 15:06:51,keypress,type | opera.exe | Facebook - Opera
2025-04-15 15:06:51,keypress,type | opera.exe | Facebook - Opera
2025-04-15 15:06:52,keypress,type | opera.exe | Facebook - Opera
2025-04-15 15:06:52,keypress,type | opera.exe | Facebook - Opera
2025-04-15 15:06:52,keypress,type | opera.exe | Facebook - Opera
2025-04-15 15:06:52,keypress,type | opera.exe | Facebook - Opera
2025-04-15 15:06:52,keypress,type | opera.exe | Facebook - Opera
2025-04-15 15:06:52,keypress,type | opera.exe | Facebook - Opera
2025-04-15 15:06:52,keypress,type | opera.exe | Facebook - Opera
2025-04-15 15:06:52,keypress,type | opera.exe | Facebook - Opera
2025-04-15 15:06:52,keypress,type | opera.exe | Facebook - Opera
2025-04-15 15:06:52,keypress,type | opera.exe | Facebook - Opera
2025-04-15 15:06:52,keypress,type | opera.exe | Facebook - Opera
2025-04-15 15:06:53,keypress,type | opera.exe | Facebook - Opera
2025-04-15 15:06:53,keypress,type | opera.exe | Facebook - Opera
2025-04-15 15:06:53,keypress,type | opera.exe | Facebook - Opera
2025-04-15 15:06:53,keypress,type | opera.exe | Facebook - Opera
2025-04-15 15:06:53,keypress,type | opera.exe | Facebook - Opera
2025-04-15 15:06:53,keypress,type | opera.exe | Facebook - Opera
2025-04-15 15:06:53,keypress,type | opera.exe | Facebook - Opera
2025-04-15 15:06:53,keypress,type | opera.exe | Facebook - Opera
2025-04-15 15:06:53,keypress,type | opera.exe | Facebook - Opera
2025-04-15 15:06:53,keypress,type | opera.exe | Facebook - Opera
2025-04-15 15:06:53,keypress,type | opera.exe | Facebook - Opera
2025-04-15 15:06:53,keypress,type | opera.exe | Facebook - Opera
2025-04-15 15:06:53,keypress,type | opera.exe | Facebook - Opera
2025-04-15 15:06:53,keypress,type | opera.exe | Facebook - Opera
2025-04-15 15:06:53,keypress,type | opera.exe | Facebook - Opera
2025-04-15 15:06:54,keypress,type | opera.exe | Facebook - Opera
2025-04-15 15:07:24,keypress,type | opera.exe | Facebook - Opera
2025-04-15 15:07:24,keypress,type | opera.exe | Facebook - Opera
2025-04-15 15:07:24,keypress,type | opera.exe | Facebook - Opera
2025-04-15 15:07:24,keypress,type | opera.exe | Facebook - Opera
2025-04-15 15:07:25,keypress,type | opera.exe | Facebook - Opera
2025-04-15 15:07:25,keypress,type | opera.exe | Facebook - Opera
2025-04-15 15:07:25,keypress,type | opera.exe | Facebook - Opera
2025-04-15 15:07:25,keypress,type | opera.exe | Facebook - Opera
2025-04-15 15:07:25,keypress,type | opera.exe | Facebook - Opera
2025-04-15 15:07:25,keypress,type | opera.exe | Facebook - Opera
2025-04-15 15:07:25,keypress,type | opera.exe | Facebook - Opera
2025-04-15 15:07:25,keypress,type | opera.exe | Facebook - Opera
2025-04-15 15:07:25,keypress,type | opera.exe | Facebook - Opera
2025-04-15 15:07:25,keypress,type | opera.exe | Facebook - Opera
2025-04-15 15:07:25,keypress,type | opera.exe | Facebook - Opera
2025-04-15 15:07:25,keypress,type | opera.exe | Facebook - Opera
2025-04-15 15:07:25,keypress,type | opera.exe | Facebook - Opera
2025-04-15 15:07:25,keypress,type | opera.exe | Facebook - Opera
2025-04-15 15:07:25,keypress,type | opera.exe | Facebook - Opera
2025-04-15 15:07:25,keypress,type | opera.exe | Facebook - Opera
2025-04-15 15:07:25,keypress,type | opera.exe | Facebook - Opera
2025-04-15 15:07:26,keypress,type | opera.exe | Facebook - Opera
2025-04-15 15:07:26,keypress,type | opera.exe | Facebook - Opera
2025-04-15 15:07:26,keypress,type | opera.exe | Facebook - Opera
2025-04-15 15:07:26,keypress,type | opera.exe | Facebook - Opera
2025-04-15 15:07:26,keypress,type | opera.exe | Facebook - Opera
2025-04-15 15:07:27,keypress,type | opera.exe | Facebook - Opera
2025-04-15 15:07:27,keypress,type | opera.exe | Facebook - Opera
2025-04-15 15:07:27,keypress,type | opera.exe | Facebook - Opera
2025-04-15 15:07:27,keypress,type | opera.exe | Facebook - Opera
2025-04-15 15:07:27,keypress,type | opera.exe | Facebook - Opera
2025-04-15 15:07:27,keypress,type | opera.exe | Facebook - Opera
2025-04-15 15:07:27,keypress,type | opera.exe | Facebook - Opera
2025-04-15 15:07:27,keypress,type | opera.exe | Facebook - Opera
2025-04-15 15:07:28,keypress,type | opera.exe | Facebook - Opera
2025-04-15 15:07:28,keypress,type | opera.exe | Facebook - Opera
2025-04-15 15:07:29,keypress,type | opera.exe | Facebook - Opera
2025-04-15 15:07:29,keypress,type | opera.exe | Facebook - Opera
2025-04-15 15:07:29,keypress,type | opera.exe | Facebook - Opera
2025-04-15 15:07:29,keypress,type | opera.exe | Facebook - Opera
2025-04-15 15:07:29,keypress,type | opera.exe | Facebook - Opera
2025-04-15 15:07:29,keypress,type | opera.exe | Facebook - Opera
2025-04-15 15:07:29,keypress,type | opera.exe | Facebook - Opera
2025-04-15 15:07:29,keypress,type | opera.exe | Facebook - Opera
2025-04-15 15:07:29,keypress,type | opera.exe | Facebook - Opera
2025-04-15 15:07:30,keypress,type | opera.exe | Facebook - Opera
2025-04-15 15:07:30,keypress,type | opera.exe | Facebook - Opera
2025-04-15 15:07:30,keypress,type | opera.exe | Facebook - Opera
2025-04-15 15:07:30,keypress,type | opera.exe | Facebook - Opera
2025-04-15 15:07:30,keypress,type | opera.exe | Facebook - Opera
2025-04-15 15:07:30,keypress,type | opera.exe | Facebook - Opera
2025-04-15 15:07:30,keypress,type | opera.exe | Facebook - Opera
2025-04-15 15:07:30,keypress,type | opera.exe | Facebook - Opera
2025-04-15 15:07:30,keypress,type | opera.exe | Facebook - Opera
2025-04-15 15:07:30,keypress,type | opera.exe | Facebook - Opera
2025-04-15 15:07:30,keypress,type | opera.exe | Facebook - Opera
2025-04-15 15:07:30,keypress,type | opera.exe | Facebook - Opera
2025-04-15 15:07:30,keypress,type | opera.exe | Facebook - Opera
2025-04-15 15:07:31,keypress,type | opera.exe | Facebook - Opera
2025-04-15 15:07:31,keypress,type | opera.exe | Facebook - Opera
2025-04-15 15:07:39,active_app,opera.exe | Speed Dial - Opera
2025-04-15 15:07:39,keypress,type | opera.exe | Speed Dial - Opera
2025-04-15 15:07:40,keypress,type | opera.exe | Speed Dial - Opera
2025-04-15 15:07:40,keypress,type | opera.exe | Speed Dial - Opera
2025-04-15 15:07:40,keypress,type | opera.exe | Speed Dial - Opera
2025-04-15 15:07:40,keypress,type | opera.exe | Speed Dial - Opera
2025-04-15 15:07:40,keypress,type | opera.exe | Speed Dial - Opera
2025-04-15 15:07:41,keypress,type | opera.exe | Speed Dial - Opera
2025-04-15 15:07:44,active_app,opera.exe | ClickstreamDMM/util.py at main ¬∑ oezyurty/ClickstreamDMM - Opera
2025-04-15 15:07:49,active_app,opera.exe | vietdcom (vietdcom) - Opera
2025-04-15 15:07:58,keypress,type | opera.exe | New repository - Opera
2025-04-15 15:07:59,keypress,type | opera.exe | New repository - Opera
2025-04-15 15:07:59,active_app,opera.exe | New repository - Opera
2025-04-15 15:07:59,keypress,type | opera.exe | New repository - Opera
2025-04-15 15:07:59,keypress,type | opera.exe | New repository - Opera
2025-04-15 15:07:59,keypress,type | opera.exe | New repository - Opera
2025-04-15 15:07:59,keypress,type | opera.exe | New repository - Opera
2025-04-15 15:08:00,keypress,type | opera.exe | New repository - Opera
2025-04-15 15:08:01,keypress,type | opera.exe | New repository - Opera
2025-04-15 15:08:01,keypress,type | opera.exe | New repository - Opera
2025-04-15 15:08:01,keypress,type | opera.exe | New repository - Opera
2025-04-15 15:08:01,keypress,type | opera.exe | New repository - Opera
2025-04-15 15:08:02,keypress,type | opera.exe | New repository - Opera
2025-04-15 15:08:02,keypress,type | opera.exe | New repository - Opera
2025-04-15 15:08:14,active_app,opera.exe | vietdcom/Clickstream - Opera
2025-04-15 15:08:19,active_app,opera.exe | Upload files ¬∑ vietdcom/Clickstream - Opera
2025-04-15 15:08:29,active_app,opera.exe | Open
2025-04-15 15:08:31,keypress,type | opera.exe | Open
2025-04-15 15:08:31,keypress,type | opera.exe | Open
2025-04-15 15:08:31,keypress,type | opera.exe | Open
2025-04-15 15:08:31,keypress,type | opera.exe | Open
2025-04-15 15:08:31,keypress,type | opera.exe | Open
2025-04-15 15:08:31,keypress,type | opera.exe | Open
2025-04-15 15:08:31,keypress,type | opera.exe | Open
2025-04-15 15:08:31,keypress,type | opera.exe | Open
2025-04-15 15:08:31,keypress,type | opera.exe | Open
2025-04-15 15:08:32,keypress,type | opera.exe | Open
2025-04-15 15:08:32,keypress,type | opera.exe | Open
2025-04-15 15:08:32,keypress,type | opera.exe | Open
2025-04-15 15:08:32,keypress,type | opera.exe | Open
2025-04-15 15:08:33,keypress,type | opera.exe | Open
2025-04-15 15:08:33,keypress,type | opera.exe | Open
2025-04-15 15:08:33,keypress,type | opera.exe | Open
2025-04-15 15:08:33,keypress,type | opera.exe | Open
2025-04-15 15:08:33,keypress,type | opera.exe | Open
2025-04-15 15:08:33,keypress,type | opera.exe | Open
2025-04-15 15:08:33,keypress,type | opera.exe | Open
2025-04-15 15:08:33,keypress,type | opera.exe | Open
2025-04-15 15:08:33,keypress,type | opera.exe | Open
2025-04-15 15:08:33,keypress,type | opera.exe | Open
2025-04-15 15:08:33,keypress,type | opera.exe | Open
2025-04-15 15:08:33,keypress,type | opera.exe | Open
2025-04-15 15:08:33,keypress,type | opera.exe | Open
2025-04-15 15:08:33,keypress,type | opera.exe | Open
2025-04-15 15:08:33,keypress,type | opera.exe | Open
2025-04-15 15:08:33,keypress,type | opera.exe | Open
2025-04-15 15:08:33,keypress,type | opera.exe | Open
2025-04-15 15:08:33,keypress,type | opera.exe | Open
2025-04-15 15:08:33,keypress,type | opera.exe | Open
2025-04-15 15:08:33,keypress,type | opera.exe | Open
2025-04-15 15:08:33,keypress,type | opera.exe | Open
2025-04-15 15:08:33,keypress,type | opera.exe | Open
2025-04-15 15:08:33,keypress,type | opera.exe | Open
2025-04-15 15:08:33,keypress,type | opera.exe | Open
2025-04-15 15:08:33,keypress,type | opera.exe | Open
2025-04-15 15:08:34,keypress,type | opera.exe | Open
2025-04-15 15:08:34,keypress,type | opera.exe | Open
2025-04-15 15:08:34,keypress,type | opera.exe | Open
2025-04-15 15:08:34,keypress,type | opera.exe | Open
2025-04-15 15:08:34,keypress,type | opera.exe | Open
2025-04-15 15:08:34,keypress,type | opera.exe | Open
2025-04-15 15:08:34,keypress,type | opera.exe | Open
2025-04-15 15:08:34,keypress,type | opera.exe | Open
2025-04-15 15:08:39,active_app,Code.exe | collect_1.py - pythonProject - Visual Studio Code
2025-04-15 15:08:46,keypress,type | Code.exe | collect_1.py - pythonProject - Visual Studio Code
2025-04-15 15:08:47,keypress,type | opera.exe | Open
2025-04-15 15:08:47,keypress,type | opera.exe | Open
2025-04-15 15:08:47,keypress,type | opera.exe | Open
2025-04-15 15:08:47,keypress,type | opera.exe | Open
2025-04-15 15:08:47,keypress,type | opera.exe | Open
2025-04-15 15:08:47,keypress,type | opera.exe | Open
2025-04-15 15:08:47,keypress,type | opera.exe | Open
2025-04-15 15:08:49,active_app,opera.exe | Open
2025-04-15 15:08:50,keypress,type | opera.exe | Open
2025-04-15 15:08:50,keypress,type | opera.exe | Open
2025-04-15 15:08:51,keypress,type | opera.exe | Open
2025-04-15 15:08:51,keypress,type | opera.exe | Open
2025-04-15 15:08:51,keypress,type | opera.exe | Open
2025-04-15 15:08:51,keypress,type | opera.exe | Open
2025-04-15 15:09:02,keypress,type | opera.exe | Open
2025-04-15 15:09:02,keypress,type | opera.exe | Open
2025-04-15 15:09:02,keypress,type | opera.exe | Open
2025-04-15 15:09:02,keypress,type | opera.exe | Open
2025-04-15 15:09:02,keypress,type | opera.exe | Open
2025-04-15 15:09:03,keypress,type | opera.exe | Open
2025-04-15 15:09:04,keypress,type | opera.exe | Open
2025-04-15 15:09:04,keypress,type | opera.exe | Open
2025-04-15 15:09:05,keypress,type | opera.exe | Open
2025-04-15 15:09:06,keypress,type | opera.exe | Open
2025-04-15 15:09:06,keypress,type | opera.exe | Open
2025-04-15 15:09:06,keypress,type | opera.exe | Open
2025-04-15 15:09:06,keypress,type | opera.exe | Open
2025-04-15 15:09:10,keypress,type | opera.exe | Open
2025-04-15 15:09:10,keypress,type | opera.exe | Open
2025-04-15 15:09:10,keypress,type | opera.exe | Open
2025-04-15 15:09:10,keypress,type | opera.exe | Open
2025-04-15 15:09:11,keypress,type | opera.exe | Open
2025-04-15 15:09:12,keypress,type | opera.exe | Open
2025-04-15 15:09:12,keypress,type | opera.exe | Open
2025-04-15 15:09:12,keypress,type | opera.exe | Open
2025-04-15 15:09:12,keypress,type | opera.exe | Open
2025-04-15 15:09:12,keypress,type | opera.exe | Open
2025-04-15 15:09:12,keypress,type | opera.exe | Open
2025-04-15 15:09:12,keypress,type | opera.exe | Open
2025-04-15 15:09:12,keypress,type | opera.exe | Open
2025-04-15 15:09:13,keypress,type | opera.exe | Open
2025-04-15 15:09:13,keypress,type | opera.exe | Open
2025-04-15 15:09:19,active_app,opera.exe | Upload files ¬∑ vietdcom/Clickstream - Opera
2025-04-15 15:09:29,active_app,Code.exe | logs.csv - pythonProject - Visual Studio Code
2025-04-15 15:09:34,active_app,Code.exe | predictions.csv - pythonProject - Visual Studio Code
2025-04-15 15:09:39,active_app,opera.exe | Upload files ¬∑ vietdcom/Clickstream - Opera
2025-04-15 15:09:44,active_app,opera.exe | Open
2025-04-15 15:09:49,active_app,opera.exe | Upload files ¬∑ vietdcom/Clickstream - Opera
2025-04-15 15:09:54,active_app,opera.exe | Open
2025-04-15 15:09:59,active_app,opera.exe | Upload files ¬∑ vietdcom/Clickstream - Opera
2025-04-15 15:10:04,active_app,opera.exe | Open
2025-04-15 15:10:09,active_app,opera.exe | 
2025-04-15 15:10:14,active_app,opera.exe | Upload files ¬∑ vietdcom/Clickstream - Opera
2025-04-15 15:10:34,active_app,opera.exe | vietdcom (vietdcom) - Opera
2025-04-15 15:10:39,active_app,opera.exe | vietdcom/Clickstream - Opera
2025-04-15 15:10:44,active_app,opera.exe | Open
2025-04-15 15:10:45,keypress,type | opera.exe | Open
2025-04-15 15:10:45,keypress,type | opera.exe | Open
2025-04-15 15:10:46,keypress,type | opera.exe | Open
2025-04-15 15:10:49,keypress,type | opera.exe | Open
2025-04-15 15:10:54,active_app,opera.exe | Upload files ¬∑ vietdcom/Clickstream - Opera
2025-04-15 15:11:59,active_app,opera.exe | Processing your files‚Ä¶ - Opera
2025-04-15 15:12:04,active_app,opera.exe | vietdcom/Clickstream - Opera
2025-04-15 15:12:09,active_app,opera.exe | Open
2025-04-15 15:12:13,keypress,type | opera.exe | Open
2025-04-15 15:12:13,keypress,type | opera.exe | Open
2025-04-15 15:12:14,keypress,type | opera.exe | Open
2025-04-15 15:12:14,keypress,type | opera.exe | Open
2025-04-15 15:12:14,keypress,type | opera.exe | Open
2025-04-15 15:12:14,keypress,type | opera.exe | Open
2025-04-15 15:12:14,keypress,type | opera.exe | Open
2025-04-15 15:12:14,keypress,type | opera.exe | Open
2025-04-15 15:12:14,keypress,type | opera.exe | Open
2025-04-15 15:12:15,keypress,type | opera.exe | Open
2025-04-15 15:12:15,keypress,type | opera.exe | Open
2025-04-15 15:12:15,keypress,type | opera.exe | Open
2025-04-15 15:12:15,keypress,type | opera.exe | Open
2025-04-15 15:12:15,keypress,type | opera.exe | Open
2025-04-15 15:12:15,keypress,type | opera.exe | Open
2025-04-15 15:12:15,keypress,type | opera.exe | Open
2025-04-15 15:12:15,keypress,type | opera.exe | Open
2025-04-15 15:12:15,keypress,type | opera.exe | Open
2025-04-15 15:12:15,keypress,type | opera.exe | Open
2025-04-15 15:12:15,keypress,type | opera.exe | Open
2025-04-15 15:12:15,keypress,type | opera.exe | Open
2025-04-15 15:12:19,active_app,opera.exe | Upload files ¬∑ vietdcom/Clickstream - Opera
2025-04-15 15:12:29,active_app,opera.exe | Processing your files‚Ä¶ - Opera
2025-04-15 15:12:34,active_app,opera.exe | Upload files ¬∑ vietdcom/Clickstream - Opera
2025-04-15 15:12:39,active_app,opera.exe | Open
2025-04-15 15:12:39,keypress,type | opera.exe | Open
2025-04-15 15:12:39,keypress,type | opera.exe | Open
2025-04-15 15:12:39,keypress,type | opera.exe | Open
2025-04-15 15:12:39,keypress,type | opera.exe | Open
2025-04-15 15:12:40,keypress,type | opera.exe | Open
2025-04-15 15:12:40,keypress,type | opera.exe | Open
2025-04-15 15:12:40,keypress,type | opera.exe | Open
2025-04-15 15:12:40,keypress,type | opera.exe | Open
2025-04-15 15:12:40,keypress,type | opera.exe | Open
2025-04-15 15:12:40,keypress,type | opera.exe | Open
2025-04-15 15:12:40,keypress,type | opera.exe | Open
2025-04-15 15:12:41,keypress,type | opera.exe | Open
2025-04-15 15:12:41,keypress,type | opera.exe | Open
